{"initial_reset_timestamp": 1536341658.6341827, "timestamps": [1536341675.6710384, 1536341692.3922257, 1536341692.480726], "episode_lengths": [500, 500, 500], "episode_rewards": [500.0, 500.0, 500.0], "episode_types": ["t", "t", "t"]}