{"initial_reset_timestamp": 1536341531.5738156, "timestamps": [1536341545.3551927, 1536341555.3308265, 1536341555.426875], "episode_lengths": [401, 297, 252], "episode_rewards": [94.95603315629975, 94.12760171669086, 94.57444401249839], "episode_types": ["t", "t", "t"]}